{
    "hostsSpec": [
        {
            "hostfqdn": "esxi-10.vcf.sddc.lab",
            "username": "root",
            "password": "VMware123!",
            "storageType": "VSAN",
            "networkPoolName": "mgmt-networkpool"
        },        
		{
            "hostfqdn": "esxi-11.vcf.sddc.lab",
            "username": "root",
            "password": "VMware123!",
            "storageType": "VSAN",
            "networkPoolName": "mgmt-networkpool"
        },       
		{
            "hostfqdn": "esxi-12.vcf.sddc.lab",
            "username": "root",
            "password": "VMware123!",
            "storageType": "VSAN",
            "networkPoolName": "mgmt-networkpool"
        }
    ]
}