{
    "genVM": [
      {
        "name": "esxi-10",
        "cpus": 8,
        "mem": 64,
        "disks": "10,10,150,150,150",
		"mgmtip": "10.0.0.109",
		"subnetmask":"255.255.255.0",
		"ipgw":"10.0.0.221"
      },
      {
        "name": "esxi-11",
        "cpus": 8,
        "mem": 64,
        "disks": "10,10,150,150,150",
		"mgmtip": "10.0.0.110",
		"subnetmask":"255.255.255.0",
		"ipgw":"10.0.0.221"
      },
      {
        "name": "esxi-12",
        "cpus": 8,
        "mem": 64,
        "disks": "10,10,150,150,150",
		"mgmtip": "10.0.0.111",
		"subnetmask":"255.255.255.0",
		"ipgw":"10.0.0.221"
      }
    ]
}
