{
  "skipEsxThumbprintValidation": true,
  "managementPoolName": "mgmt-networkpool",
  "sddcManagerSpec": {
    "secondUserCredentials": {
      "username": "vcf",
      "password": "VMware123!"
    },
    "ipAddress": "10.0.0.4",
    "netmask": "255.255.255.0",
    "hostname": "sddc-manager",
    "rootUserCredentials": {
      "username": "root",
      "password": "VMware123!"
    },
    "restApiCredentials": {
      "username": "admin",
      "password": "VMware123!"
    },
    "localUserPassword": "VMware123!VMware123!",
    "vcenterId": "vcenter-1"
  },
  "sddcId": "mgmt-domain",
  "esxLicense": "<Insert ESXi License>",
  "taskName": "workflowconfig/workflowspec-ems.json",
  "ceipEnabled": true,
  "ntpServers": ["10.0.0.221"],
  "dnsSpec": {
    "subdomain": "vcf.sddc.lab",
    "domain": "vcf.sddc.lab",								 
    "nameserver": "10.0.0.221"
  },
  "networkSpecs": [
    {
      "networkType": "MANAGEMENT",
      "subnet": "10.0.0.0/24",
      "gateway": "10.0.0.221",
      "vlanId": "10",
      "mtu": "1500",
      "portGroupKey": "sddc-vds01-mgmt",
      "standbyUplinks":[],
      "activeUplinks":[
        "uplink1",
        "uplink2"
      ]
    },
    {
      "networkType": "VMOTION",
      "subnet": "10.0.4.0/24",
      "gateway": "10.0.4.253",
      "vlanId": "10",
      "mtu": "8940",
      "portGroupKey": "sddc-vds01-vmotion",
      "association": "mgmt-datacenter",
      "includeIpAddressRanges": [{"endIpAddress": "10.0.4.130", "startIpAddress": "10.0.4.101"}],
      "standbyUplinks":[],
      "activeUplinks":[
        "uplink1",
        "uplink2"
      ]
    },
    {
      "networkType": "VSAN",
      "subnet": "10.0.8.0/24",
      "gateway": "10.0.8.253",
      "vlanId": "10",
      "mtu": "8940",
      "portGroupKey": "sddc-vds01-vsan",
      "includeIpAddressRanges": [{"endIpAddress": "10.0.8.130", "startIpAddress": "10.0.8.101"}],
      "standbyUplinks":[],
      "activeUplinks":[
        "uplink1",
        "uplink2"
      ]
    },
    {
      "networkType": "UPLINK01",
      "subnet": "172.27.11.0/24",
      "gateway": "172.27.11.253",
      "vlanId": "11",
      "mtu": "8940",
      "portGroupKey": "sddc-edge-uplink01",
      "association": "mgmt-datacenter",
      "standbyUplinks":[]
    },
    {
      "networkType": "UPLINK02",
      "subnet": "172.27.12.0/24",
      "gateway": "172.27.12.253",
      "vlanId": "12",
      "mtu": "8940",
      "portGroupKey": "sddc-edge-uplink02",
      "association": "mgmt-datacenter",
      "standbyUplinks":[]
    },
    {
      "networkType": "NSXT_EDGE_TEP",
      "subnet": "172.27.13.0/24",
      "gateway": "172.27.13.253",
      "vlanId": "13",
      "mtu": "8940",
      "portGroupKey": "",
      "association": "mgmt-datacenter",
      "standbyUplinks":[],
      "activeUplinks":[
        "uplink1",
        "uplink2"
      ]
	},  
    {
      "networkType": "X_REGION",
      "subnet": "10.60.0.0/24",
      "gateway": "10.60.0.1",
      "mtu": "8940",
      "association": "mgmt-datacenter",
      "vlanId": "0"
    },
    {
      "networkType": "REGION_SPECIFIC",
      "subnet": "10.50.0.0/24",
      "gateway": "10.50.0.1",
      "mtu": "8940",
      "association": "mgmt-datacenter",
      "vlanId": "0"	  		   
    }
  ],
  "nsxtSpec":
  {
    "nsxtManagerSize": "small",
    "nsxtManagers": [
      {
          "hostname": "nsx-mgmt-1",
          "ip": "10.0.0.21"
      }
    ],
    "rootNsxtManagerPassword": "VMware123!VMware123!",
    "nsxtAdminPassword": "VMware123!VMware123!",
    "nsxtAuditPassword": "VMware123!VMware123!",
    "rootLoginEnabledForNsxtManager": "true",
    "sshEnabledForNsxtManager": "true",
    "overLayTransportZone": {
        "zoneName": "mgmt-domain-m01-overlay-tz",
        "networkName": "sddc-host-overlay"
    },
    "vlanTransportZone": {
        "zoneName": "mgmt-domain-m01-vlan-tz",
        "networkName": "net-vlan"
    },
    "vip": "10.0.0.20",
    "vipFqdn": "nsx-mgmt",
    "nsxtLicense": "<Insert NSXT License>",
    "transportVlanId": 10,
    "nsxtEdgeSpec": {
      "edgeClusterName": "mgmt-edge-cluster",
      "edgeRootPassword": "VMware123!VMware123!",
      "edgeAdminPassword": "VMware123!VMware123!",
      "edgeAuditPassword": "VMware123!VMware123!",
      "edgeFormFactor": "LARGE",
      "edgeServicesSpecs": {
        "tier0GatewayName" : "mgmt-domain-tier0-gateway",
        "tier1GatewayName" : "mgmt-domain-tier1-gateway"
      },
      "tier0ServicesHighAvailability": "ACTIVE_ACTIVE",
      "asn": 65003,
      "edgeNodeSpecs": [
        {
          "edgeNodeName": "edge01-mgmt",
          "edgeNodeHostname": "edge01-mgmt.vcf.sddc.lab",
          "managementCidr": "10.0.0.23/24",
          "edgeVtep1Cidr": "172.27.13.2/24",
          "edgeVtep2Cidr": "172.27.13.3/24",
          "interfaces": [
            {
              "name": "uplink-edge1-tor1",
              "interfaceCidr": "172.27.11.2/24"
            },
            {
              "name": "uplink-edge1-tor2",
              "interfaceCidr": "172.27.12.2/24"
            }
          ]
        },
        {
          "edgeNodeName": "edge02-mgmt",
          "edgeNodeHostname": "edge02-mgmt.vcf.sddc.lab",
          "managementCidr": "10.0.0.24/24",
          "edgeVtep1Cidr": "172.27.13.4/24",
          "edgeVtep2Cidr": "172.27.13.5/24",
          "interfaces": [
            {
              "name": "uplink-edge2-tor1",
              "interfaceCidr": "172.27.11.3/24"
            },
            {
              "name": "uplink-edge2-tor2",
              "interfaceCidr": "172.27.12.3/24"
            }
          ]
        }
      ],
      "bgpNeighbours": [
        {
          "neighbourIp": "172.27.11.1",
          "autonomousSystem": 65001,
          "password": "VMware1!"
        },
        {
          "neighbourIp": "172.27.12.1",
          "autonomousSystem": 65001,
          "password": "VMware1!"
        }
      ]
    },
    "logicalSegments": [
      {
        "name": "Mgmt-RegionA01-VXLAN",
        "networkType": "REGION_SPECIFIC"
      },
      {
        "name": "Mgmt-xRegion01-VXLAN",
        "networkType": "X_REGION"
      }
    ]
  },
  "vsanSpec": {
    "vsanName": "vsan-1",
    "licenseFile": "<Insert vSAN License>",
    "vsanDedup": "false",
    "datastoreName": "vcf-vsan"
  },
  "dvSwitchVersion": "7.0.0",
  "dvsSpecs": [
  {
    "dvsName": "sddc-vds01",
    "vcenterId":"vcenter-1",
    "vmnics":[
      "vmnic0",
      "vmnic1"
    ],
    "mtu": 9000,
    "networks":[
      "MANAGEMENT",
      "VMOTION",
      "VSAN",
      "UPLINK01",
      "UPLINK02",
      "NSXT_EDGE_TEP"
    ],
    "niocSpec":[
      {
        "trafficType":"VSAN",
        "value":"HIGH"
      },
      {
        "trafficType":"VMOTION",
        "value":"LOW"
      },
      {
        "trafficType":"VDP",
        "value":"LOW"
      },
      {
        "trafficType":"VIRTUALMACHINE",
        "value":"HIGH"
      },
      {
        "trafficType":"MANAGEMENT",
        "value":"NORMAL"
      },
      {
        "trafficType":"NFS",
        "value":"LOW"
      },
      {
        "trafficType":"HBR",
        "value":"LOW"
      },
      {
        "trafficType":"FAULTTOLERANCE",
        "value":"LOW"
      },
      {
        "trafficType":"ISCSI",
        "value":"LOW"
      }
    ],
    "isUsedByNsxt": true
  }
  ],
  "clusterSpec": 
   {
      "clusterName": "mgmt-cluster",
      "vcenterName": "vcenter-1",
      "clusterEvcMode": "",
      "vmFolders": {
        "MANAGEMENT": "mgmt-domain-fd-mgmt",
        "NETWORKING": "mgmt-domain-fd-nsx",
        "EDGENODES": "mgmt-domain-fd-edge"
      }
   },
  "pscSpecs": [
      {
          "pscId": "psc-1",
          "vcenterId": "vcenter-1",
          "adminUserSsoPassword": "VMware123!",
          "pscSsoSpec": {
          "ssoDomain": "vsphere.local",
          "isJoinSsoDomain": false,
          "ssoSiteName": "mgmt-domain"
          }
      }
  ],
  "vcenterSpec": {
      "vcenterIp": "10.0.0.12",
      "vcenterHostname": "vcenter-mgmt",
      "vcenterId": "vcenter-1",
      "licenseFile": "<Insert vCenter License>",
      "vmSize": "tiny",
      "rootVcenterPassword": "VMware123!"
  },
  "hostSpecs": [
    {
      "association": "mgmt-datacenter",
      "ipAddressPrivate": {
        "ipAddress": "10.0.0.101",
        "cidr": "10.0.0.0/24",
        "gateway": "10.0.0.221"
      },
      "hostname": "esxi-1",
      "credentials": {
        "username": "root",
        "password": "VMware123!"
      },
      "vSwitch": "vSwitch0",
      "serverId": "host-1"
    },
    {
      "association": "mgmt-datacenter",
      "ipAddressPrivate": {
        "ipAddress": "10.0.0.102",
        "cidr": "10.0.0.0/24",
        "gateway": "10.0.0.221"
      },
      "hostname": "esxi-2",
      "credentials": {
        "username": "root",
        "password": "VMware123!"
      },
      "vSwitch": "vSwitch0",
      "serverId": "host-2"
    },
    {
      "association": "mgmt-datacenter",
      "ipAddressPrivate": {
        "ipAddress": "10.0.0.103",
        "cidr": "10.0.0.0/24",
        "gateway": "10.0.0.221"
      },
      "hostname": "esxi-3",
      "credentials": {
        "username": "root",
        "password": "VMware123!"
      },
      "vSwitch": "vSwitch0",
      "serverId": "host-3"
    },
    {
      "association": "mgmt-datacenter",
      "ipAddressPrivate": {
        "ipAddress": "10.0.0.104",
        "cidr": "10.0.0.0/24",
        "gateway": "10.0.0.221"
      },
      "hostname": "esxi-4",
      "credentials": {
        "username": "root",
        "password": "VMware123!"
      },
      "vSwitch": "vSwitch0",
      "serverId": "host-4"
    }
  ],
  "excludedComponents": ["NSX-V"]
}
